INSERT INTO Departments (department_id, department_name) VALUES
(1, 'Cardiology'),
(2, 'Neurology'),
(3, 'Orthopedics'),
(4, 'Pediatrics'),
(5, 'Oncology'),
(6, 'Dermatology'),
(7, 'Psychiatry'),
(8, 'Radiology'),
(9, 'Urology'),
(10, 'Gastroenterology');


INSERT INTO Doctors (doctor_id, doctor_name, specialization, department_id) VALUES
(1, 'Dr. Alice Green', 'Cardiologist', 1),
(2, 'Dr. Bob White', 'Neurologist', 2),
(3, 'Dr. Cathy Brown', 'Orthopedic Surgeon', 3),
(4, 'Dr. David Black', 'Pediatrician', 4),
(5, 'Dr. Eva Gray', 'Oncologist', 5),
(6, 'Dr. Frank Blue', 'Dermatologist', 6),
(7, 'Dr. Gina Red', 'Psychiatrist', 7),
(8, 'Dr. Harry Yellow', 'Radiologist', 8),
(9, 'Dr. Irene Purple', 'Urologist', 9),
(10, 'Dr. Jack Orange', 'Gastroenterologist', 10),
(11, 'Dr. Laura Violet', 'Cardiologist', 1),
(12, 'Dr. Matt Silver', 'Neurologist', 2),
(13, 'Dr. Nancy Gold', 'Orthopedic Surgeon', 3),
(14, 'Dr. Oscar Bronze', 'Pediatrician', 4),
(15, 'Dr. Peter Steel', 'Oncologist', 5),
(16, 'Dr. Queen Sky', 'Dermatologist', 6),
(17, 'Dr. Ray Cloud', 'Psychiatrist', 7),
(18, 'Dr. Sarah Moon', 'Radiologist', 8),
(19, 'Dr. Tom Star', 'Urologist', 9),
(20, 'Dr. Ursula Sun', 'Gastroenterologist', 10),
(21, 'Dr. Victor Light', 'Cardiologist', 1),
(22, 'Dr. Wendy Rain', 'Neurologist', 2),
(23, 'Dr. Xavier Frost', 'Orthopedic Surgeon', 3),
(24, 'Dr. Yolanda Mist', 'Pediatrician', 4),
(25, 'Dr. Zack Blaze', 'Oncologist', 5),
(26, 'Dr. Anne Cloud', 'Dermatologist', 6),
(27, 'Dr. Brian Shore', 'Psychiatrist', 7),
(28, 'Dr. Clara Field', 'Radiologist', 8),
(29, 'Dr. Dylan Stone', 'Urologist', 9),
(30, 'Dr. Emily River', 'Gastroenterologist', 10),
(31, 'Dr. Felix Park', 'Cardiologist', 1),
(32, 'Dr. Grace Lake', 'Neurologist', 2),
(33, 'Dr. Hank Forest', 'Orthopedic Surgeon', 3),
(34, 'Dr. Isla Desert', 'Pediatrician', 4),
(35, 'Dr. Jake Ocean', 'Oncologist', 5),
(36, 'Dr. Kara Valley', 'Dermatologist', 6),
(37, 'Dr. Liam Summit', 'Psychiatrist', 7),
(38, 'Dr. Maya Cliff', 'Radiologist', 8),
(39, 'Dr. Noah Bay', 'Urologist', 9),
(40, 'Dr. Olivia Peak', 'Gastroenterologist', 10),
(41, 'Dr. Paul Wave', 'Cardiologist', 1),
(42, 'Dr. Quinn Stone', 'Neurologist', 2),
(43, 'Dr. Rose Meadow', 'Orthopedic Surgeon', 3),
(44, 'Dr. Steve Mountain', 'Pediatrician', 4),
(45, 'Dr. Tara Storm', 'Oncologist', 5),
(46, 'Dr. Umar Echo', 'Dermatologist', 6),
(47, 'Dr. Vera Frost', 'Psychiatrist', 7),
(48, 'Dr. Walter Rain', 'Radiologist', 8),
(49, 'Dr. Xavier Wind', 'Urologist', 9),
(50, 'Dr. Yasmine Earth', 'Gastroenterologist', 10);


INSERT INTO Patients (patient_id, patient_name, gender, birth_date, city) VALUES
(1, 'Tom Hanks', 'Male', '1980-07-09', 'New York'),
(2, 'Emma Watson', 'Female', '1990-04-15', 'Los Angeles'),
(3, 'Chris Evans', 'Male', '1982-06-13', 'Boston'),
(4, 'Scarlett Johansson', 'Female', '1984-11-22', 'Chicago'),
(5, 'Robert Downey', 'Male', '1965-04-04', 'San Francisco'),
(6, 'Natalie Portman', 'Female', '1981-06-09', 'Austin'),
(7, 'Leonardo DiCaprio', 'Male', '1974-11-11', 'Miami'),
(8, 'Jennifer Lawrence', 'Female', '1990-08-15', 'Seattle'),
(9, 'Johnny Depp', 'Male', '1963-06-09', 'Dallas'),
(10, 'Anne Hathaway', 'Female', '1982-11-12', 'Denver'),
(11, 'Brad Pitt', 'Male', '1963-12-18', 'Houston'),
(12, 'Angelina Jolie', 'Female', '1975-06-04', 'Atlanta'),
(13, 'Matt Damon', 'Male', '1970-10-08', 'Detroit'),
(14, 'Mila Kunis', 'Female', '1983-08-14', 'Orlando'),
(15, 'George Clooney', 'Male', '1961-05-06', 'San Diego'),
(16, 'Julia Roberts', 'Female', '1967-10-28', 'Phoenix'),
(17, 'Ryan Reynolds', 'Male', '1976-10-23', 'Portland'),
(18, 'Blake Lively', 'Female', '1987-08-25', 'Columbus'),
(19, 'Will Smith', 'Male', '1968-09-25', 'Philadelphia'),
(20, 'Gal Gadot', 'Female', '1985-04-30', 'Charlotte'),
(21, 'Christian Bale', 'Male', '1974-01-30', 'Baltimore'),
(22, 'Margot Robbie', 'Female', '1990-07-02', 'Milwaukee'),
(23, 'Chris Hemsworth', 'Male', '1983-08-11', 'Nashville'),
(24, 'Emma Stone', 'Female', '1988-11-06', 'San Antonio'),
(25, 'Mark Ruffalo', 'Male', '1967-11-22', 'Indianapolis'),
(26, 'Zendaya Coleman', 'Female', '1996-09-01', 'Cincinnati'),
(27, 'Jake Gyllenhaal', 'Male', '1980-12-19', 'Sacramento'),
(28, 'Keira Knightley', 'Female', '1985-03-26', 'Kansas City'),
(29, 'Tom Holland', 'Male', '1996-06-01', 'Omaha'),
(30, 'Emily Blunt', 'Female', '1983-02-23', 'Minneapolis'),
(31, 'Hugh Jackman', 'Male', '1968-10-12', 'Tucson'),
(32, 'Natalie Dormer', 'Female', '1982-02-11', 'El Paso'),
(33, 'Jason Momoa', 'Male', '1979-08-01', 'Fort Worth'),
(34, 'Emma Roberts', 'Female', '1991-02-10', 'Memphis'),
(35, 'Paul Rudd', 'Male', '1969-04-06', 'Louisville'),
(36, 'Rachel McAdams', 'Female', '1978-11-17', 'Baltimore'),
(37, 'Daniel Radcliffe', 'Male', '1989-07-23', 'Fresno'),
(38, 'Dakota Johnson', 'Female', '1989-10-04', 'Sacramento'),
(39, 'Chris Pratt', 'Male', '1979-06-21', 'Mesa'),
(40, 'Sophie Turner', 'Female', '1996-02-21', 'Atlanta'),
(41, 'Sebastian Stan', 'Male', '1982-08-13', 'Kansas City'),
(42, 'Brie Larson', 'Female', '1989-10-01', 'Miami'),
(43, 'Andrew Garfield', 'Male', '1983-08-20', 'Charlotte'),
(44, 'Millie Bobby Brown', 'Female', '2004-02-19', 'Indianapolis'),
(45, 'Henry Cavill', 'Male', '1983-05-05', 'Milwaukee'),
(46, 'Saoirse Ronan', 'Female', '1994-04-12', 'Portland'),
(47, 'Ansel Elgort', 'Male', '1994-03-14', 'Nashville'),
(48, 'Florence Pugh', 'Female', '1996-01-03', 'San Antonio'),
(49, 'Zac Efron', 'Male', '1987-10-18', 'Philadelphia'),
(50, 'Lily Collins', 'Female', '1989-03-18', 'Columbus'),
(51, 'John Krasinski', 'Male', '1979-10-20', 'Omaha'),
(52, 'Emily Ratajkowski', 'Female', '1991-06-07', 'El Paso'),
(53, 'Timothée Chalamet', 'Male', '1995-12-27', 'Tucson'),
(54, 'Alicia Vikander', 'Female', '1988-10-03', 'Memphis'),
(55, 'Miles Teller', 'Male', '1987-02-20', 'Fresno'),
(56, 'Saoirse Ronan', 'Female', '1994-04-12', 'Kansas City'),
(57, 'Aaron Taylor-Johnson', 'Male', '1990-06-13', 'Minneapolis'),
(58, 'Chloë Grace Moretz', 'Female', '1997-02-10', 'Fort Worth'),
(59, 'Sam Claflin', 'Male', '1986-06-27', 'Mesa'),
(60, 'Elle Fanning', 'Female', '1998-04-09', 'Louisville'),
(61, 'Taron Egerton', 'Male', '1989-11-10', 'Fresno'),
(62, 'Hailee Steinfeld', 'Female', '1996-12-11', 'Miami'),
(63, 'Nicholas Hoult', 'Male', '1989-12-07', 'Sacramento'),
(64, 'Anya Taylor-Joy', 'Female', '1996-04-16', 'Charlotte'),
(65, 'Richard Madden', 'Male', '1986-06-18', 'Baltimore'),
(66, 'Lana Condor', 'Female', '1997-05-11', 'Omaha'),
(67, 'Dacre Montgomery', 'Male', '1994-11-22', 'Minneapolis'),
(68, 'Kaitlyn Dever', 'Female', '1996-12-21', 'Tucson'),
(69, 'Finn Wolfhard', 'Male', '2002-12-23', 'El Paso'),
(70, 'Maya Hawke', 'Female', '1998-07-08', 'Mesa'),
(71, 'Noah Schnapp', 'Male', '2004-10-03', 'San Diego'),
(72, 'Sadie Sink', 'Female', '2002-04-16', 'San Francisco'),
(73, 'Gaten Matarazzo', 'Male', '2002-09-08', 'Los Angeles'),
(74, 'Caleb McLaughlin', 'Male', '2001-10-13', 'Houston'),
(75, 'Natalia Dyer', 'Female', '1995-01-13', 'Boston'),
(76, 'Charlie Heaton', 'Male', '1994-02-06', 'Austin'),
(77, 'Joe Keery', 'Male', '1992-04-24', 'Chicago'),
(78, 'Winona Ryder', 'Female', '1971-10-29', 'Detroit'),
(79, 'David Harbour', 'Male', '1975-04-10', 'Portland'),
(80, 'Cara Buono', 'Female', '1974-03-01', 'Orlando'),
(81, 'Matthew Modine', 'Male', '1959-03-22', 'San Antonio'),
(82, 'Sean Astin', 'Male', '1971-02-25', 'Philadelphia'),
(83, 'Paul Reiser', 'Male', '1957-03-30', 'Columbus'),
(84, 'Cary Elwes', 'Male', '1962-10-26', 'Miami'),
(85, 'Jake Busey', 'Male', '1971-06-15', 'Nashville'),
(86, 'Gabriella Pizzolo', 'Female', '2003-03-10', 'Kansas City'),
(87, 'Jamie Campbell', 'Male', '1989-11-21', 'Indianapolis'),
(88, 'Tom Wlaschiha', 'Male', '1973-06-20', 'Charlotte'),
(89, 'Joseph Quinn', 'Male', '1993-01-26', 'San Diego'),
(90, 'Mason Dye', 'Male', '1994-07-15', 'San Francisco'),
(91, 'Eduardo Franco', 'Male', '1994-08-29', 'Orlando'),
(92, 'Amybeth McNulty', 'Female', '2001-11-07', 'Houston'),
(93, 'Robert Englund', 'Male', '1947-06-06', 'Boston'),
(94, 'Grace Van Dien', 'Female', '1996-12-29', 'Austin'),
(95, 'Logan Riley', 'Female', '1999-06-23', 'Chicago'),
(96, 'Joel Stoffer', 'Male', '1964-04-03', 'Detroit'),
(97, 'Nikola Djuricko', 'Male', '1974-07-09', 'Portland'),
(98, 'Sherman Augustus', 'Male', '1959-01-10', 'Orlando'),
(99, 'Daniel Dae Kim', 'Male', '1968-08-04', 'San Antonio'),
(100, 'Yunjin Kim', 'Female', '1973-11-07', 'Philadelphia');


INSERT INTO Appointments (appointment_id, patient_id, doctor_id, appointment_date, status) VALUES
(1, 12, 3, '2025-04-01', 'Completed'),
(2, 87, 2, '2025-04-02', 'Cancelled'),
(3, 45, 8, '2025-04-02', 'Completed'),
(4, 23, 1, '2025-04-03', 'Scheduled'),
(5, 65, 6, '2025-04-03', 'Completed'),
(6, 78, 4, '2025-04-04', 'Completed'),
(7, 5, 5, '2025-04-04', 'Cancelled'),
(8, 34, 7, '2025-04-05', 'Completed'),
(9, 89, 9, '2025-04-06', 'Scheduled'),
(10, 56, 10, '2025-04-06', 'Completed'),
(11, 100, 12, '2025-04-07', 'Completed'),
(12, 41, 11, '2025-04-07', 'Scheduled'),
(13, 2, 14, '2025-04-08', 'Completed'),
(14, 74, 13, '2025-04-08', 'Cancelled'),
(15, 15, 16, '2025-04-09', 'Scheduled'),
(16, 81, 15, '2025-04-09', 'Completed'),
(17, 60, 18, '2025-04-10', 'Completed'),
(18, 90, 17, '2025-04-10', 'Cancelled'),
(19, 9, 20, '2025-04-11', 'Completed'),
(20, 67, 19, '2025-04-11', 'Scheduled'),
(21, 36, 22, '2025-04-12', 'Completed'),
(22, 19, 21, '2025-04-12', 'Completed'),
(23, 48, 24, '2025-04-13', 'Cancelled'),
(24, 21, 23, '2025-04-13', 'Scheduled'),
(25, 70, 26, '2025-04-14', 'Completed'),
(26, 53, 25, '2025-04-14', 'Completed'),
(27, 98, 28, '2025-04-15', 'Cancelled'),
(28, 25, 27, '2025-04-15', 'Completed'),
(29, 84, 30, '2025-04-16', 'Completed'),
(30, 43, 29, '2025-04-16', 'Scheduled'),
(31, 7, 32, '2025-04-17', 'Completed'),
(32, 59, 31, '2025-04-17', 'Completed'),
(33, 14, 34, '2025-04-18', 'Scheduled'),
(34, 80, 33, '2025-04-18', 'Cancelled'),
(35, 37, 36, '2025-04-19', 'Completed'),
(36, 99, 35, '2025-04-19', 'Completed'),
(37, 28, 38, '2025-04-20', 'Scheduled'),
(38, 61, 37, '2025-04-20', 'Completed'),
(39, 6, 40, '2025-04-21', 'Cancelled'),
(40, 50, 39, '2025-04-21', 'Completed'),
(41, 76, 42, '2025-04-22', 'Completed'),
(42, 88, 41, '2025-04-22', 'Scheduled'),
(43, 42, 44, '2025-04-23', 'Completed'),
(44, 4, 43, '2025-04-23', 'Cancelled'),
(45, 24, 46, '2025-04-24', 'Completed'),
(46, 13, 45, '2025-04-24', 'Scheduled'),
(47, 55, 48, '2025-04-25', 'Completed'),
(48, 96, 47, '2025-04-25', 'Completed'),
(49, 30, 50, '2025-04-26', 'Cancelled'),
(50, 73, 49, '2025-04-26', 'Completed'),
(51, 47, 2, '2025-04-27', 'Completed'),
(52, 91, 1, '2025-04-27', 'Scheduled'),
(53, 85, 4, '2025-04-28', 'Completed'),
(54, 77, 3, '2025-04-28', 'Cancelled'),
(55, 63, 6, '2025-04-29', 'Completed'),
(56, 44, 5, '2025-04-29', 'Completed'),
(57, 92, 8, '2025-04-30', 'Scheduled'),
(58, 17, 7, '2025-04-30', 'Completed'),
(59, 39, 10, '2025-05-01', 'Completed'),
(60, 71, 9, '2025-05-01', 'Cancelled'),
(61, 27, 12, '2025-05-02', 'Completed'),
(62, 49, 11, '2025-05-02', 'Scheduled'),
(63, 16, 14, '2025-05-03', 'Completed'),
(64, 20, 13, '2025-05-03', 'Completed'),
(65, 58, 16, '2025-05-04', 'Cancelled'),
(66, 66, 15, '2025-05-04', 'Completed'),
(67, 3, 18, '2025-05-05', 'Completed'),
(68, 32, 17, '2025-05-05', 'Scheduled'),
(69, 75, 20, '2025-05-06', 'Completed'),
(70, 26, 19, '2025-05-06', 'Cancelled'),
(71, 31, 22, '2025-05-07', 'Completed'),
(72, 46, 21, '2025-05-07', 'Scheduled'),
(73, 86, 24, '2025-05-08', 'Completed'),
(74, 79, 23, '2025-05-08', 'Completed'),
(75, 97, 26, '2025-05-09', 'Cancelled'),
(76, 1, 25, '2025-05-09', 'Completed'),
(77, 35, 28, '2025-05-10', 'Completed'),
(78, 83, 27, '2025-05-10', 'Scheduled'),
(79, 18, 30, '2025-05-11', 'Completed'),
(80, 22, 29, '2025-05-11', 'Cancelled'),
(81, 38, 32, '2025-05-12', 'Completed'),
(82, 40, 31, '2025-05-12', 'Completed'),
(83, 94, 34, '2025-05-13', 'Scheduled'),
(84, 29, 33, '2025-05-13', 'Completed'),
(85, 64, 36, '2025-05-14', 'Cancelled'),
(86, 82, 35, '2025-05-14', 'Completed'),
(87, 93, 38, '2025-05-15', 'Completed'),
(88, 11, 37, '2025-05-15', 'Scheduled'),
(89, 95, 40, '2025-05-16', 'Completed'),
(90, 68, 39, '2025-05-16', 'Cancelled'),
(91, 8, 42, '2025-05-17', 'Completed'),
(92, 33, 41, '2025-05-17', 'Completed'),
(93, 62, 44, '2025-05-18', 'Scheduled'),
(94, 72, 43, '2025-05-18', 'Completed'),
(95, 57, 46, '2025-05-19', 'Cancelled'),
(96, 52, 45, '2025-05-19', 'Completed'),
(97, 69, 48, '2025-05-20', 'Completed'),
(98, 51, 47, '2025-05-20', 'Scheduled'),
(99, 54, 50, '2025-05-21', 'Completed'),
(100, 10, 49, '2025-05-21', 'Cancelled');


INSERT INTO Bills (bill_id, appointment_id, amount, payment_date, payment_status) VALUES
(1, 45, 500.00, '2025-04-01', 'Paid'),
(2, 22, 0.00, '2025-04-02', 'Cancelled'),
(3, 87, 750.00, '2025-04-02', 'Paid'),
(4, 9, 300.00, '2025-04-03', 'Pending'),
(5, 63, 600.00, '2025-04-03', 'Paid'),
(6, 18, 700.00, '2025-04-04', 'Paid'),
(7, 31, 0.00, '2025-04-04', 'Cancelled'),
(8, 77, 450.00, '2025-04-05', 'Paid'),
(9, 14, 250.00, '2025-04-06', 'Pending'),
(10, 52, 800.00, '2025-04-06', 'Paid'),
(11, 88, 550.00, '2025-04-07', 'Paid'),
(12, 6, 400.00, '2025-04-07', 'Pending'),
(13, 40, 620.00, '2025-04-08', 'Paid'),
(14, 21, 0.00, '2025-04-08', 'Cancelled'),
(15, 79, 480.00, '2025-04-09', 'Pending'),
(16, 36, 680.00, '2025-04-09', 'Paid'),
(17, 95, 720.00, '2025-04-10', 'Paid'),
(18, 28, 0.00, '2025-04-10', 'Cancelled'),
(19, 50, 500.00, '2025-04-11', 'Paid'),
(20, 82, 600.00, '2025-04-11', 'Paid'),
(21, 5, 550.00, '2025-04-12', 'Paid'),
(22, 26, 700.00, '2025-04-12', 'Cancelled'),
(23, 65, 480.00, '2025-04-13', 'Pending'),
(24, 91, 800.00, '2025-04-13', 'Paid'),
(25, 13, 520.00, '2025-04-14', 'Paid'),
(26, 38, 580.00, '2025-04-14', 'Paid'),
(27, 71, 0.00, '2025-04-15', 'Cancelled'),
(28, 16, 620.00, '2025-04-15', 'Paid'),
(29, 99, 700.00, '2025-04-16', 'Paid'),
(30, 43, 480.00, '2025-04-16', 'Pending'),
(31, 2, 550.00, '2025-04-17', 'Paid'),
(32, 60, 800.00, '2025-04-17', 'Paid'),
(33, 85, 450.00, '2025-04-18', 'Pending'),
(34, 11, 0.00, '2025-04-18', 'Cancelled'),
(35, 57, 720.00, '2025-04-19', 'Paid'),
(36, 24, 600.00, '2025-04-19', 'Paid'),
(37, 68, 500.00, '2025-04-20', 'Paid'),
(38, 97, 400.00, '2025-04-20', 'Paid'),
(39, 8, 0.00, '2025-04-21', 'Cancelled'),
(40, 54, 750.00, '2025-04-21', 'Paid'),
(41, 93, 520.00, '2025-04-22', 'Paid'),
(42, 30, 550.00, '2025-04-22', 'Pending'),
(43, 4, 600.00, '2025-04-23', 'Paid'),
(44, 80, 620.00, '2025-04-23', 'Paid'),
(45, 15, 0.00, '2025-04-24', 'Cancelled'),
(46, 47, 700.00, '2025-04-24', 'Paid'),
(47, 74, 480.00, '2025-04-25', 'Pending'),
(48, 19, 750.00, '2025-04-25', 'Paid'),
(49, 41, 550.00, '2025-04-26', 'Paid'),
(50, 70, 600.00, '2025-04-26', 'Paid'),
(51, 1, 500.00, '2025-04-27', 'Paid'),
(52, 66, 700.00, '2025-04-27', 'Cancelled'),
(53, 96, 620.00, '2025-04-28', 'Paid'),
(54, 34, 400.00, '2025-04-28', 'Pending'),
(55, 10, 0.00, '2025-04-29', 'Cancelled'),
(56, 55, 550.00, '2025-04-29', 'Paid'),
(57, 90, 700.00, '2025-04-30', 'Paid'),
(58, 7, 650.00, '2025-04-30', 'Paid'),
(59, 48, 0.00, '2025-05-01', 'Cancelled'),
(60, 83, 800.00, '2025-05-01', 'Paid'),
(61, 17, 580.00, '2025-05-02', 'Paid'),
(62, 64, 500.00, '2025-05-02', 'Paid'),
(63, 98, 400.00, '2025-05-03', 'Pending'),
(64, 37, 600.00, '2025-05-03', 'Paid'),
(65, 76, 720.00, '2025-05-04', 'Paid'),
(66, 12, 0.00, '2025-05-04', 'Cancelled'),
(67, 58, 750.00, '2025-05-05', 'Paid'),
(68, 35, 620.00, '2025-05-05', 'Paid'),
(69, 81, 550.00, '2025-05-06', 'Paid'),
(70, 3, 700.00, '2025-05-06', 'Cancelled'),
(71, 50, 500.00, '2025-05-07', 'Paid'),
(72, 29, 400.00, '2025-05-07', 'Paid'),
(73, 86, 580.00, '2025-05-08', 'Paid'),
(74, 20, 620.00, '2025-05-08', 'Cancelled'),
(75, 92, 700.00, '2025-05-09', 'Paid'),
(76, 46, 750.00, '2025-05-09', 'Paid'),
(77, 73, 520.00, '2025-05-10', 'Paid'),
(78, 25, 550.00, '2025-05-10', 'Pending'),
(79, 39, 600.00, '2025-05-11', 'Paid'),
(80, 75, 480.00, '2025-05-11', 'Paid'),
(81, 84, 0.00, '2025-05-12', 'Cancelled'),
(82, 32, 680.00, '2025-05-12', 'Paid'),
(83, 61, 500.00, '2025-05-13', 'Paid'),
(84, 94, 550.00, '2025-05-13', 'Paid'),
(85, 23, 0.00, '2025-05-14', 'Cancelled'),
(86, 59, 620.00, '2025-05-14', 'Paid'),
(87, 89, 720.00, '2025-05-15', 'Paid'),
(88, 27, 480.00, '2025-05-15', 'Pending'),
(89, 51, 700.00, '2025-05-16', 'Paid'),
(90, 67, 750.00, '2025-05-16', 'Paid'),
(91, 33, 520.00, '2025-05-17', 'Paid'),
(92, 62, 580.00, '2025-05-17', 'Paid'),
(93, 72, 600.00, '2025-05-18', 'Paid'),
(94, 42, 480.00, '2025-05-18', 'Paid'),
(95, 56, 0.00, '2025-05-19', 'Cancelled'),
(96, 78, 700.00, '2025-05-19', 'Paid'),
(97, 44, 750.00, '2025-05-20', 'Paid'),
(98, 49, 500.00, '2025-05-20', 'Paid'),
(99, 69, 400.00, '2025-05-21', 'Paid'),
(100, 100, 650.00, '2025-05-21', 'Paid');

